{"MSE": 2.4495295602113853, "_timestamp": 1686292468.3710964, "_runtime": 15.669106483459473, "_step": 0, "_wandb": {"runtime": 14}}