{"MSE": 2.453983836538874, "_timestamp": 1686235345.6146984, "_runtime": 21.885600328445435, "_step": 0, "_wandb": {"runtime": 20}}