{"MSE": 2.4515001521961364, "_timestamp": 1686292437.976518, "_runtime": 10.084236860275269, "_step": 0, "_wandb": {"runtime": 9}}