{"MSE": 2.457290704562505, "_timestamp": 1686292519.4166768, "_runtime": 7.951350688934326, "_step": 0, "_wandb": {"runtime": 7}}