{"MSE": 2.449746274848871, "_timestamp": 1686292496.9049182, "_runtime": 12.310801267623901, "_step": 0, "_wandb": {"runtime": 11}}