{"MSE": 2.4521340841681387, "_timestamp": 1686292408.0654542, "_runtime": 13.627298355102539, "_step": 0, "_wandb": {"runtime": 12}}